,panel_id,category,label
0,00000986,Location,Indoors
1,00000a39,Location,Outdoors
2,00000ae3,Location,Outdoors
3,00000b12,Location,Indoors
4,00000b47,Location,Indoors
5,00000b71,Location,Indoors
6,00000cbc,Location,Indoors
7,00000d76,Location,Indoors
8,00000d8f,Location,Outdoors
9,00000d9d,Location,Outdoors
10,00000d9f,Location,Outdoors
11,00000de7,Location,Indoors
12,00000e25,Location,Outdoors
13,00000e52,Location,Outdoors
14,00000e64,Location,Indoors
15,00000ebb,Location,Outdoors
16,00000ef1,Location,Indoors
17,00000f13,Location,Indoors
18,00000f21,Location,Indoors
19,00000f3d,Location,Indoors
20,00000f83,Location,Outdoors
21,00000fb2,Location,Indoors
22,000010f9,Location,Outdoors
23,00001139,Location,Outdoors
24,000011cd,Location,Outdoors
25,000011db,Location,Outdoors
26,00001200,Location,Outdoors
27,00001208,Location,Outdoors
28,0000131c,Location,Indoors
29,00001448,Location,Outdoors
30,00001460,Location,Outdoors
31,00001523,Location,Indoors
32,00001612,Location,Indoors
33,0000170a,Location,Outdoors
34,000017f1,Location,Indoors
35,00001ad0,Location,Indoors
36,00001b75,Location,Indoors
37,00001bed,Location,Indoors
38,00001bfb,Location,Indoors
39,00001cbc,Location,Indoors
40,00002df0,Location,Indoors
41,00002e1a,Location,Indoors
42,00002e4e,Location,Indoors
43,00002eb1,Location,Indoors
44,00002ec9,Location,Indoors
45,000030a3,Location,Outdoors
46,000030d7,Location,Outdoors
47,000030fe,Location,Outdoors
48,000033bc,Location,Outdoors
49,000034c4,Location,Indoors
50,0000379d,Location,Indoors
51,000037a7,Location,Indoors
52,000038cc,Location,Outdoors
53,00003913,Location,Outdoors
54,0000391e,Location,Indoors
55,000039e3,Location,Indoors
56,00003a38,Location,Outdoors
57,00003a4e,Location,Indoors
58,00003a53,Location,Outdoors
59,00003a65,Location,Outdoors
60,00003aba,Location,Indoors
61,00003b0e,Location,Indoors
62,00003be5,Location,Outdoors
63,00003c50,Location,Indoors
64,00003fc5,Location,Indoors
65,00004009,Location,Indoors
66,0000402e,Location,Indoors
67,0000407c,Location,Outdoors
68,00004130,Location,Indoors
69,000042a6,Location,Indoors
70,000044a8,Location,Outdoors
71,0000456a,Location,Indoors
72,000045b2,Location,Indoors
73,000046e1,Location,Indoors
74,0000470d,Location,Indoors
75,000047da,Location,Outdoors
76,00004822,Location,Outdoors
77,000049cd,Location,Outdoors
78,000049e5,Location,Outdoors
79,00004a82,Location,Outdoors
80,00004cd7,Location,Indoors
81,00004ce1,Location,Indoors
82,00004fb6,Location,Outdoors
83,00005009,Location,Indoors
84,00005026,Location,Outdoors
85,00005070,Location,Outdoors
86,000050f2,Location,Indoors
87,00005255,Location,Outdoors
88,00005282,Location,Outdoors
89,000052c8,Location,Outdoors
90,0000535d,Location,Outdoors
91,00005441,Location,Outdoors
92,00005530,Location,Outdoors
93,0000570c,Location,Outdoors
94,00005758,Location,Outdoors
95,00005bd1,Location,Outdoors
96,00005c10,Location,Outdoors
97,00005e09,Location,Outdoors
98,0000603e,Location,Indoors
99,00009327,Location,Outdoors
100,0000b59e,Location,Indoors
101,0000b5f3,Location,Indoors
102,0000b5fd,Location,Indoors
103,0000b617,Location,Indoors
104,0000b6d2,Location,Indoors
105,0000b859,Location,Outdoors
106,0000b8ec,Location,Indoors
107,0000ba5a,Location,Indoors
108,0000bf88,Location,Indoors
109,0000bfd9,Location,Indoors
110,0000c436,Location,Indoors
111,0000c9cc,Location,Indoors
112,0000cb8a,Location,Indoors
113,0000cd79,Location,Outdoors
114,0000cdeb,Location,Outdoors
115,0000cfa1,Location,Outdoors
116,0000cfae,Location,Outdoors
117,0000d02a,Location,Outdoors
118,0000d089,Location,Outdoors
119,0000d15c,Location,Indoors
120,0000d5f3,Location,Indoors
121,0000d6ac,Location,Indoors
122,0000d6c9,Location,Outdoors
123,0000d6d7,Location,Outdoors
124,0000d762,Location,Outdoors
125,0000da03,Location,Outdoors
126,0000da99,Location,Indoors
127,0000dab3,Location,Indoors
128,0000dabe,Location,Outdoors
129,0000db9c,Location,Outdoors
130,0000dddd,Location,Outdoors
131,0000df93,Location,Outdoors
132,0000e07b,Location,Outdoors
133,0000e07f,Location,Outdoors
134,0000e21a,Location,Outdoors
135,0000e2e7,Location,Indoors
136,0000e549,Location,Indoors
137,0000e5f7,Location,Outdoors
138,0000e66c,Location,Indoors
139,0000ef39,Location,Outdoors
140,0000ef96,Location,Outdoors
141,0000f4b8,Location,Outdoors
142,0000f543,Location,Outdoors
143,0000f587,Location,Outdoors
144,0000f5b8,Location,Outdoors
145,0000f62f,Location,Outdoors
146,0000f81b,Location,Outdoors
147,0000f84e,Location,Outdoors
148,0000fc4b,Location,Outdoors
149,0001004c,Location,Outdoors
150,000100e6,Location,Indoors
151,00010532,Location,Outdoors
152,000106a7,Location,Outdoors
153,000106bd,Location,Outdoors
154,0001274a,Location,Outdoors
155,00012d13,Location,Outdoors
156,00012d43,Location,Outdoors
157,00012d76,Location,Outdoors
158,00012d8d,Location,Outdoors
159,00012db6,Location,Outdoors
160,00012dc6,Location,Outdoors
161,00012fd0,Location,Outdoors
162,0001300f,Location,Outdoors
163,0001303d,Location,Outdoors
164,0001307d,Location,Outdoors
165,000130f3,Location,Indoors
166,0001312e,Location,Indoors
167,00013136,Location,Indoors
168,0001314f,Location,Indoors
169,00013161,Location,Outdoors
170,00013169,Location,Outdoors
171,00013251,Location,Indoors
172,000134ae,Location,Outdoors
173,000134b3,Location,Outdoors
174,000134f4,Location,Outdoors
175,0001357b,Location,Outdoors
176,00013679,Location,Outdoors
177,0001368d,Location,Outdoors
178,000136c9,Location,Outdoors
179,000136cd,Location,Outdoors
180,00013774,Location,Outdoors
181,000148c2,Location,Indoors
182,000148c5,Location,Indoors
183,0001491b,Location,Outdoors
184,00014953,Location,Outdoors
185,00014a39,Location,Outdoors
186,0001539c,Location,Indoors
187,00015478,Location,Indoors
188,000154bd,Location,Outdoors
189,00015528,Location,Indoors
190,000155a6,Location,Outdoors
191,00015604,Location,Outdoors
192,0001561c,Location,Outdoors
193,00015635,Location,Outdoors
194,00015802,Location,Indoors
195,00015b5a,Location,Outdoors
196,00015c21,Location,Outdoors
197,0001601e,Location,Outdoors
198,0001767a,Location,Outdoors
199,0001767f,Location,Indoors
200,0001768e,Location,Indoors
201,00017698,Location,Outdoors
202,000176cb,Location,Indoors
203,000176fd,Location,Indoors
204,0001776c,Location,Indoors
205,00017787,Location,Indoors
206,000177f1,Location,Indoors
207,00017845,Location,Outdoors
208,000178c7,Location,Outdoors
209,00017979,Location,Outdoors
210,0001797b,Location,Outdoors
211,00017996,Location,Outdoors
212,0001799d,Location,Outdoors
213,000179af,Location,Outdoors
214,00017a06,Location,Outdoors
215,00017b53,Location,Indoors
216,00017c59,Location,Outdoors
217,00017cdf,Location,Outdoors
218,00017d0a,Location,Outdoors
219,00017e59,Location,Outdoors
220,00017e7d,Location,Outdoors
221,00017f66,Location,Outdoors
222,00017f71,Location,Outdoors
223,00017f9b,Location,Outdoors
224,00018043,Location,Outdoors
225,000180ca,Location,Outdoors
226,000180fe,Location,Outdoors
227,0001812f,Location,Outdoors
228,00018240,Location,Outdoors
229,000182b0,Location,Outdoors
230,000182ba,Location,Outdoors
231,000182cd,Location,Outdoors
232,00018334,Location,Outdoors
233,00018335,Location,Outdoors
234,00018388,Location,Outdoors
235,00018446,Location,Outdoors
236,00018461,Location,Outdoors
237,000184a8,Location,Outdoors
238,000184bf,Location,Indoors
239,000184c0,Location,Indoors
240,00018588,Location,Outdoors
241,00018637,Location,Indoors
242,00018650,Location,Indoors
243,00018723,Location,Outdoors
244,00018746,Location,Outdoors
245,00018767,Location,Outdoors
246,0001880d,Location,Indoors
247,000189ef,Location,Outdoors
248,00018a68,Location,Outdoors
249,00018b86,Location,Outdoors
250,00018ba1,Location,Outdoors
251,00018bd1,Location,Outdoors
252,00018c43,Location,Indoors
253,00018c48,Location,Indoors
254,00018e2e,Location,Outdoors
255,00018ef2,Location,Indoors
256,00018f06,Location,Indoors
257,00018fa2,Location,Outdoors
258,0001942b,Location,Indoors
259,0001944b,Location,Indoors
260,00019527,Location,Indoors
261,00019595,Location,Outdoors
262,0001959b,Location,Outdoors
263,000195aa,Location,Outdoors
264,000195b1,Location,Outdoors
265,000195b9,Location,Outdoors
266,00019637,Location,Outdoors
267,00019638,Location,Indoors
268,000196e7,Location,Outdoors
269,00019794,Location,Outdoors
270,000197dd,Location,Outdoors
271,00019962,Location,Outdoors
272,0001996b,Location,Outdoors
273,0001997e,Location,Outdoors
274,00019a25,Location,Outdoors
275,00019ab4,Location,Indoors
276,00019b13,Location,Outdoors
277,00019b33,Location,Outdoors
278,00019b86,Location,Indoors
279,00019c0d,Location,Outdoors
280,00019c51,Location,Outdoors
281,00019d6d,Location,Outdoors
282,00019dab,Location,Outdoors
283,00019dec,Location,Indoors
284,00019ebe,Location,Indoors
285,00019ed2,Location,Indoors
286,0001a012,Location,Indoors
287,0001a06d,Location,Indoors
288,0001a086,Location,Indoors
289,0001a0de,Location,Indoors
290,0001a20a,Location,Indoors
291,0001a2a9,Location,Outdoors
292,0001a306,Location,Outdoors
293,0001a34a,Location,Outdoors
294,0001a390,Location,Outdoors
295,0001a426,Location,Outdoors
296,0001a508,Location,Outdoors
297,0001a58a,Location,Outdoors
298,0001a63d,Location,Outdoors
299,0001a68c,Location,Indoors
300,0001e79d,Location,Indoors
301,0001e79e,Location,Indoors
302,0001e7b3,Location,Outdoors
303,0001e7c9,Location,Indoors
304,0001e7ca,Location,Indoors
305,0001e7dd,Location,Outdoors
306,0001e7e8,Location,Outdoors
307,0001e7e9,Location,Indoors
308,0001e80b,Location,Indoors
309,0001e80e,Location,Indoors
310,0001e844,Location,Indoors
311,0001eaa6,Location,Indoors
312,0001eb4d,Location,Outdoors
313,0001eb5d,Location,Outdoors
314,0001ed62,Location,Indoors
315,0001f0b5,Location,Outdoors
316,0001f2d8,Location,Indoors
317,0001f30f,Location,Indoors
318,0001f413,Location,Outdoors
319,00020bbd,Location,Indoors
320,00020bfa,Location,Indoors
321,00020c3f,Location,Indoors
322,00020c69,Location,Indoors
323,00020d43,Location,Outdoors
324,00020d69,Location,Outdoors
325,00020d76,Location,Outdoors
326,00020d9f,Location,Indoors
327,00020da2,Location,Indoors
328,00020e00,Location,Indoors
329,00020eab,Location,Indoors
330,00020f6d,Location,Outdoors
331,00020f98,Location,Indoors
332,000210a5,Location,Outdoors
333,000212a9,Location,Outdoors
334,0002135f,Location,Indoors
335,00021369,Location,Indoors
336,000213cd,Location,Outdoors
337,000215b7,Location,Outdoors
338,00021837,Location,Indoors
339,0002197b,Location,Outdoors
340,00022875,Location,Indoors
341,0002288e,Location,Indoors
342,0002292e,Location,Outdoors
343,00022b52,Location,Outdoors
344,00022bbb,Location,Outdoors
345,00022d77,Location,Indoors
346,00022e8f,Location,Outdoors
347,00022ea0,Location,Outdoors
348,00022ece,Location,Indoors
349,000259e1,Location,Indoors
350,00025a10,Location,Indoors
351,00025a2d,Location,Outdoors
352,00025a45,Location,Indoors
353,00025a8b,Location,Indoors
354,00025c67,Location,Outdoors
355,00025cf4,Location,Indoors
356,00025d29,Location,Outdoors
357,00025d70,Location,Indoors
358,00025d71,Location,Indoors
359,00025def,Location,Outdoors
360,00025e24,Location,Outdoors
361,000260b7,Location,Indoors
362,00026129,Location,Indoors
363,000266d3,Location,Outdoors
364,00026734,Location,Outdoors
365,00026793,Location,Outdoors
366,00026796,Location,Outdoors
367,000267dc,Location,Outdoors
368,00026884,Location,Outdoors
369,000268a9,Location,Outdoors
370,000268fa,Location,Outdoors
371,00026932,Location,Outdoors
372,00026a85,Location,Outdoors
373,00026a97,Location,Outdoors
374,00026a9e,Location,Outdoors
375,00026ae5,Location,Indoors
376,00026b13,Location,Indoors
377,00026e66,Location,Outdoors
378,00026f02,Location,Outdoors
379,0002710b,Location,Indoors
380,00027115,Location,Outdoors
381,00027236,Location,Indoors
382,00027271,Location,Indoors
383,000272b2,Location,Indoors
384,000273fd,Location,Indoors
385,00027453,Location,Indoors
386,00027463,Location,Outdoors
387,000274d0,Location,Outdoors
388,00027534,Location,Indoors
389,00027656,Location,Indoors
390,000276b1,Location,Outdoors
391,00027790,Location,Outdoors
392,000277bb,Location,Indoors
393,000278f8,Location,Indoors
394,00027ca3,Location,Indoors
395,00027ff1,Location,Indoors
396,0002807f,Location,Indoors
397,000281ca,Location,Indoors
398,000292b5,Location,Indoors
399,000292e8,Location,Outdoors
400,00029325,Location,Outdoors
401,00029353,Location,Outdoors
402,0002935a,Location,Outdoors
403,00029389,Location,Outdoors
404,000293ca,Location,Outdoors
405,000293e8,Location,Outdoors
406,0002940c,Location,Outdoors
407,0002946b,Location,Outdoors
408,000294a1,Location,Outdoors
409,000294c6,Location,Outdoors
410,000294f7,Location,Outdoors
411,00029513,Location,Outdoors
412,00029520,Location,Outdoors
413,00029530,Location,Indoors
414,00029539,Location,Indoors
415,0002953a,Location,Indoors
416,00029589,Location,Indoors
417,000295b9,Location,Outdoors
418,000295ea,Location,Outdoors
419,000295f0,Location,Outdoors
420,000295ff,Location,Indoors
421,0002962a,Location,Indoors
422,00029631,Location,Indoors
423,00029671,Location,Indoors
424,0002969e,Location,Indoors
425,000296a0,Location,Outdoors
426,000296cc,Location,Outdoors
427,000296d0,Location,Outdoors
428,00029738,Location,Indoors
429,0002974b,Location,Indoors
430,00029757,Location,Outdoors
431,000297bc,Location,Indoors
432,00029830,Location,Outdoors
433,00029882,Location,Outdoors
434,000298d7,Location,Indoors
435,000298e4,Location,Indoors
436,00029906,Location,Indoors
437,00029981,Location,Indoors
438,000299ab,Location,Outdoors
439,000299d1,Location,Outdoors
440,00029a2d,Location,Indoors
441,00029a65,Location,Outdoors
442,00029a75,Location,Outdoors
443,00029a7e,Location,Outdoors
444,00029ac2,Location,Indoors
445,00029b0a,Location,Outdoors
446,00029b4b,Location,Indoors
447,00029c61,Location,Outdoors
448,00029e83,Location,Outdoors
449,0002a212,Location,Indoors
450,0002a238,Location,Indoors
451,0002a23d,Location,Outdoors
452,0002a248,Location,Indoors
453,0002b08b,Location,Indoors
454,0002b6d6,Location,Indoors
455,0002bba5,Location,Indoors
456,0002bbbd,Location,Indoors
457,0002bc19,Location,Outdoors
458,0002bc3d,Location,Indoors
459,0002bc79,Location,Indoors
460,0002c899,Location,Indoors
461,0002c8eb,Location,Outdoors
462,0002cc6e,Location,Indoors
463,0002cd2d,Location,Indoors
464,0002cd35,Location,Outdoors
465,0002cd96,Location,Outdoors
466,0002cf1d,Location,Outdoors
467,0002cf3f,Location,Outdoors
468,0002d528,Location,Outdoors
469,0002d649,Location,Outdoors
470,0002e5ae,Location,Indoors
471,0002e5af,Location,Indoors
472,0002edb6,Location,Indoors
473,0002ee1e,Location,Indoors
474,0002efe0,Location,Outdoors
475,0002f2b8,Location,Indoors
476,0002f428,Location,Outdoors
477,0002f472,Location,Outdoors
478,0002f496,Location,Outdoors
479,0002f565,Location,Indoors
480,0002f5ce,Location,Indoors
481,0002f7b5,Location,Outdoors
482,0002f7fe,Location,Outdoors
483,000315fb,Location,Indoors
484,0003167a,Location,Indoors
485,0003167f,Location,Indoors
486,00031693,Location,Outdoors
487,000316c6,Location,Indoors
488,00033ebe,Location,Indoors
489,000341f0,Location,Outdoors
490,0003424f,Location,Outdoors
491,0003abcb,Location,Outdoors
492,0003abe8,Location,Indoors
493,0003ac60,Location,Indoors
494,0003acc2,Location,Indoors
495,0003acc5,Location,Outdoors
496,0003ad1e,Location,Indoors
497,0003ad46,Location,Indoors
498,0003aed1,Location,Indoors
499,0003afec,Location,Indoors
500,0003b132,Location,Indoors
501,0003b2cd,Location,Indoors
502,0003b6d6,Location,Outdoors
503,0003b76d,Location,Outdoors
504,0003b918,Location,Indoors
505,0003bca1,Location,Indoors
506,0003be80,Location,Indoors
507,0003bea8,Location,Outdoors
508,0003bec0,Location,Indoors
509,0003bf53,Location,Indoors
510,0003c0a4,Location,Outdoors
511,0003c0b3,Location,Outdoors
512,0003c1ab,Location,Outdoors
513,0003c348,Location,Indoors
514,0003c3c3,Location,Outdoors
515,0003c3e4,Location,Outdoors
516,0003c66c,Location,Indoors
517,0003c676,Location,Indoors
518,0003c711,Location,Indoors
519,0003c730,Location,Indoors
520,0003c82e,Location,Indoors
521,0003c856,Location,Indoors
522,0003c91f,Location,Indoors
523,0003c97c,Location,Outdoors
524,0003c9c5,Location,Outdoors
525,0003caf5,Location,Indoors
526,0003cb1c,Location,Indoors
527,0003ccaf,Location,Outdoors
528,0003cd3e,Location,Outdoors
529,0003cd71,Location,Outdoors
530,0003cdb0,Location,Outdoors
531,0003ce1c,Location,Indoors
532,0003ce6e,Location,Outdoors
533,0003cee3,Location,Indoors
534,0003cff2,Location,Indoors
535,0003d033,Location,Indoors
536,0003d159,Location,Indoors
537,0003d1d7,Location,Outdoors
538,0003d27d,Location,Outdoors
539,0003d293,Location,Outdoors
540,0003d5ad,Location,Outdoors
541,0003d61d,Location,Outdoors
542,0003d704,Location,Indoors
543,0003d801,Location,Outdoors
544,00040043,Location,Indoors
545,00040326,Location,Outdoors
546,0004038e,Location,Indoors
547,000404cc,Location,Outdoors
548,000404e5,Location,Outdoors
549,00040b0c,Location,Outdoors
550,00040bc9,Location,Indoors
551,000452f6,Location,Outdoors
552,0004537f,Location,Outdoors
553,00045e9d,Location,Indoors
554,00045fc1,Location,Indoors
555,00045fdd,Location,Indoors
556,00046040,Location,Indoors
557,00046d09,Location,Indoors
558,0004770a,Location,Outdoors
559,000477ce,Location,Indoors
560,00047cfc,Location,Indoors
561,00047db0,Location,Outdoors
562,00047e5f,Location,Outdoors
563,00048052,Location,Indoors
564,0004814b,Location,Outdoors
565,000482c2,Location,Outdoors
566,000489e3,Location,Outdoors
567,00048b04,Location,Outdoors
568,00048c39,Location,Outdoors
569,00048c4f,Location,Outdoors
570,00048c5b,Location,Outdoors
571,00048ca6,Location,Outdoors
572,0004a169,Location,Indoors
573,0004a378,Location,Outdoors
574,0004a547,Location,Outdoors
575,0004a6df,Location,Indoors
576,0004a704,Location,Outdoors
577,0004a77b,Location,Indoors
578,0004a81b,Location,Indoors
579,0004a875,Location,Indoors
580,0004a941,Location,Outdoors
581,0004aa93,Location,Outdoors
582,0004aadd,Location,Outdoors
583,0004ac64,Location,Outdoors
584,0004acc0,Location,Outdoors
585,0004acff,Location,Outdoors
586,0004ad0f,Location,Indoors
587,0004ad44,Location,Indoors
588,0004ad51,Location,Indoors
589,0004ad63,Location,Indoors
590,0004ada0,Location,Indoors
591,0004ae6b,Location,Outdoors
592,0004ae88,Location,Outdoors
593,0004b010,Location,Indoors
594,0004b012,Location,Outdoors
595,0004b046,Location,Indoors
596,0004b0de,Location,Outdoors
597,0004b19c,Location,Outdoors
598,0004b1de,Location,Indoors
599,0004b22a,Location,Outdoors
600,0004b31a,Location,Outdoors
601,0004b356,Location,Outdoors
602,0004b48f,Location,Outdoors
603,0004b4f5,Location,Outdoors
604,0004b4f7,Location,Indoors
605,0004b502,Location,Outdoors
606,0004b514,Location,Outdoors
607,0004b5eb,Location,Indoors
608,0004b669,Location,Indoors
609,0004b740,Location,Indoors
610,0004b7fe,Location,Outdoors
611,0004b846,Location,Indoors
612,0004b884,Location,Indoors
613,0004b927,Location,Outdoors
614,0004b966,Location,Indoors
615,0004b995,Location,Outdoors
616,0004baaa,Location,Indoors
617,0004bb9b,Location,Indoors
618,0004bbb4,Location,Indoors
619,0004bbe0,Location,Outdoors
620,0004bbe3,Location,Outdoors
621,0004bc71,Location,Indoors
622,0004bc8a,Location,Indoors
623,0004bcb7,Location,Indoors
624,0004bcbf,Location,Outdoors
625,0004be16,Location,Indoors
626,0004bebd,Location,Outdoors
627,0004bee7,Location,Outdoors
628,0004bf23,Location,Indoors
629,0004bfe1,Location,Indoors
630,0004c02f,Location,Indoors
631,0004c03a,Location,Outdoors
632,0004c07d,Location,Outdoors
633,0004c10e,Location,Indoors
634,0004c28b,Location,Outdoors
635,0004c301,Location,Outdoors
636,0004c308,Location,Outdoors
637,0004c38a,Location,Outdoors
638,0004c5e6,Location,Indoors
639,0004c704,Location,Indoors
640,0004c81b,Location,Indoors
641,0004c852,Location,Indoors
642,0004c86a,Location,Indoors
643,0004c929,Location,Outdoors
644,0004c989,Location,Indoors
645,0004c98a,Location,Indoors
646,0004ca38,Location,Outdoors
647,0004cb55,Location,Outdoors
648,0004cc60,Location,Indoors
649,0004cce8,Location,Indoors
650,0004cd5a,Location,Indoors
651,0004d393,Location,Indoors
652,0004d3c2,Location,Indoors
653,0004d3c8,Location,Outdoors
654,0004d3e6,Location,Outdoors
655,0004d4c8,Location,Indoors
656,0004d5cd,Location,Indoors
657,0004d662,Location,Indoors
658,0004d663,Location,Indoors
659,0004d7da,Location,Indoors
660,0004da46,Location,Indoors
661,0004db0e,Location,Indoors
662,0004dd1d,Location,Indoors
663,0004dd46,Location,Indoors
664,00053a1f,Location,Indoors
665,00053cc0,Location,Outdoors
666,00053f69,Location,Indoors
667,00053f97,Location,Indoors
668,0005410f,Location,Outdoors
669,000541fd,Location,Outdoors
670,000542af,Location,Outdoors
671,000542d4,Location,Indoors
672,00054385,Location,Indoors
673,00054566,Location,Outdoors
674,0005480e,Location,Outdoors
675,0005497b,Location,Indoors
676,000549bd,Location,Indoors
677,000549dc,Location,Indoors
678,00054a01,Location,Indoors
679,00054aa4,Location,Indoors
680,00054b32,Location,Outdoors
681,00054b72,Location,Outdoors
682,00054b7a,Location,Outdoors
683,00054b95,Location,Outdoors
684,00054bab,Location,Indoors
685,00054bc4,Location,Indoors
686,00054be7,Location,Indoors
687,00054dd0,Location,Indoors
688,00054e65,Location,Indoors
689,00054edb,Location,Outdoors
690,00055034,Location,Indoors
691,00056d05,Location,Indoors
692,00056d27,Location,Indoors
693,00056d52,Location,Outdoors
694,00056e5e,Location,Outdoors
695,00056fa0,Location,Outdoors
696,00056fa1,Location,Outdoors
697,0005702a,Location,Outdoors
698,000572bf,Location,Outdoors
699,0005732e,Location,Indoors
700,00057633,Location,Indoors
701,00057685,Location,Indoors
702,000577d0,Location,Outdoors
703,000577ee,Location,Outdoors
704,0005782d,Location,Indoors
705,00057979,Location,Indoors
706,00057b10,Location,Outdoors
707,00057b80,Location,Outdoors
708,0005810a,Location,Indoors
709,000581c3,Location,Outdoors
710,0005b897,Location,Indoors
711,0005dc47,Location,Outdoors
712,0005dc48,Location,Outdoors
713,0005dd23,Location,Indoors
714,0005dd74,Location,Indoors
715,0005ddc2,Location,Indoors
716,0005de8b,Location,Outdoors
717,0005e0c7,Location,Indoors
718,0005e0f0,Location,Indoors
719,0005e29a,Location,Outdoors
720,0005e5dd,Location,Outdoors
721,0005e67e,Location,Indoors
722,0005e6fc,Location,Outdoors
723,0005e7cf,Location,Outdoors
724,0005e8d1,Location,Outdoors
725,0005ea05,Location,Indoors
726,0005ea44,Location,Indoors
727,0005eb8a,Location,Outdoors
728,0005ec52,Location,Outdoors
729,0005fd51,Location,Indoors
730,0005fd61,Location,Indoors
731,0005ff85,Location,Indoors
732,00060208,Location,Outdoors
733,00060430,Location,Indoors
734,0006050f,Location,Indoors
735,00060543,Location,Indoors
736,00060614,Location,Indoors
737,00060623,Location,Indoors
738,00060637,Location,Indoors
739,00065799,Location,Indoors
740,000657a3,Location,Indoors
741,0006589c,Location,Outdoors
742,00065994,Location,Indoors
743,00065a3a,Location,Indoors
744,00065aba,Location,Outdoors
745,00065ba6,Location,Outdoors
746,00065df3,Location,Indoors
747,0006661e,Location,Outdoors
748,00066794,Location,Outdoors
749,000667a8,Location,Indoors
750,000667d4,Location,Indoors
751,000668d6,Location,Indoors
752,000669fd,Location,Indoors
753,00066c1e,Location,Outdoors
754,00066c9d,Location,Outdoors
755,00066cf8,Location,Indoors
756,00066dae,Location,Outdoors
757,00066f85,Location,Indoors
758,0006701d,Location,Indoors
759,000670d7,Location,Outdoors
760,000670dc,Location,Outdoors
761,00067110,Location,Indoors
762,000671a5,Location,Indoors
763,000673ca,Location,Outdoors
764,00067783,Location,Outdoors
765,00067846,Location,Outdoors
766,00067c99,Location,Outdoors
767,00067d2e,Location,Outdoors
768,00067d3b,Location,Outdoors
769,00067d77,Location,Outdoors
770,00067dcf,Location,Outdoors
771,00067e08,Location,Indoors
772,00067e8c,Location,Indoors
773,00068096,Location,Indoors
774,000680a0,Location,Indoors
775,000681bb,Location,Outdoors
776,0006822b,Location,Indoors
777,00068290,Location,Outdoors
778,000682cc,Location,Outdoors
779,0006832a,Location,Indoors
780,000683f0,Location,Outdoors
781,00068585,Location,Indoors
782,000685e9,Location,Indoors
783,00068692,Location,Indoors
784,00068694,Location,Indoors
785,00068698,Location,Indoors
786,000686c1,Location,Outdoors
787,000686c4,Location,Outdoors
788,000686dd,Location,Outdoors
789,00068712,Location,Outdoors
790,000688af,Location,Indoors
791,000688b7,Location,Outdoors
792,00068974,Location,Indoors
793,000689ed,Location,Outdoors
794,00068b91,Location,Indoors
795,00068f75,Location,Outdoors
796,00069039,Location,Indoors
797,000690a6,Location,Outdoors
798,000690e4,Location,Indoors
799,0006913a,Location,Indoors
800,0006914a,Location,Indoors
801,00069418,Location,Indoors
802,00069445,Location,Indoors
803,0006945f,Location,Indoors
804,0006978f,Location,Indoors
805,00069c68,Location,Indoors
806,00069c78,Location,Indoors
807,00069c99,Location,Indoors
808,00069cfd,Location,Indoors
809,00069d21,Location,Indoors
810,00069dbf,Location,Indoors
811,00069ec4,Location,Outdoors
812,00069f13,Location,Indoors
813,00069f47,Location,Outdoors
814,00069f51,Location,Outdoors
815,00069f54,Location,Outdoors
816,00069fbf,Location,Outdoors
817,00069ffa,Location,Outdoors
818,0006a012,Location,Outdoors
819,0006a076,Location,Indoors
820,0006a0e8,Location,Outdoors
821,0006a118,Location,Outdoors
822,0006a123,Location,Outdoors
823,0006a19a,Location,Indoors
824,0006a2dc,Location,Indoors
825,0006a3b1,Location,Outdoors
826,0006a6a4,Location,Indoors
827,0006a6b3,Location,Indoors
828,0006a6fa,Location,Outdoors
829,0006a73d,Location,Outdoors
830,0006ccff,Location,Indoors
831,0006d353,Location,Outdoors
832,00071e75,Location,Indoors
833,000741df,Location,Indoors
834,000741e9,Location,Indoors
835,0007428e,Location,Outdoors
836,000742b1,Location,Outdoors
837,00074415,Location,Outdoors
838,000746fa,Location,Indoors
839,0007470f,Location,Indoors
840,00074947,Location,Indoors
841,00074d65,Location,Outdoors
842,00074dfa,Location,Outdoors
843,00074eb7,Location,Indoors
844,00074f57,Location,Outdoors
845,0007515d,Location,Indoors
846,00075cae,Location,Indoors
847,00075d5c,Location,Outdoors
848,00076b1c,Location,Outdoors
849,00076c07,Location,Outdoors
850,00076c1f,Location,Outdoors
851,00076caf,Location,Outdoors
852,00076ccd,Location,Outdoors
853,00076da0,Location,Outdoors
854,00076da1,Location,Outdoors
855,00076de9,Location,Outdoors
856,00076ee5,Location,Outdoors
857,00076f04,Location,Outdoors
858,00076f68,Location,Outdoors
859,00076fb9,Location,Outdoors
860,00077002,Location,Outdoors
861,00077094,Location,Outdoors
862,0007720a,Location,Outdoors
863,00077258,Location,Outdoors
864,000772b1,Location,Outdoors
865,0007738a,Location,Outdoors
866,0007741a,Location,Outdoors
867,0007748a,Location,Outdoors
868,00077625,Location,Outdoors
869,0007764a,Location,Outdoors
870,00077671,Location,Outdoors
871,0007772d,Location,Outdoors
872,00077818,Location,Outdoors
873,0007786f,Location,Outdoors
874,0007794b,Location,Outdoors
875,00077a27,Location,Outdoors
876,00077a72,Location,Outdoors
877,00077d97,Location,Outdoors
878,00077df0,Location,Outdoors
879,000783b7,Location,Outdoors
880,00078432,Location,Outdoors
881,0007850f,Location,Indoors
882,00078513,Location,Outdoors
883,0007856e,Location,Outdoors
884,00078849,Location,Outdoors
885,00078973,Location,Outdoors
886,000789e7,Location,Outdoors
887,000789fd,Location,Outdoors
888,00078a52,Location,Indoors
889,00078bbb,Location,Indoors
890,00078d36,Location,Indoors
891,00078d82,Location,Outdoors
892,00078da8,Location,Outdoors
893,00078e0b,Location,Outdoors
894,00078ee4,Location,Indoors
895,00078f3e,Location,Indoors
896,00078f90,Location,Indoors
897,00078fc7,Location,Indoors
898,00079259,Location,Indoors
899,000792c1,Location,Indoors
900,00079340,Location,Outdoors
901,00079363,Location,Outdoors
902,0007938f,Location,Indoors
903,00079399,Location,Outdoors
904,000798f7,Location,Outdoors
905,00079999,Location,Indoors
906,00079ace,Location,Indoors
907,00079cb2,Location,Outdoors
908,00079cee,Location,Outdoors
909,0007a092,Location,Outdoors
910,0007a2c8,Location,Outdoors
911,0007a405,Location,Indoors
912,0007a516,Location,Outdoors
913,0007a551,Location,Outdoors
914,0007a666,Location,Outdoors
915,0007a71c,Location,Outdoors
916,0007a84a,Location,Indoors
917,0007a8bb,Location,Indoors
918,0007aac3,Location,Indoors
919,0007aaef,Location,Outdoors
920,0007ac3f,Location,Indoors
921,0007ad07,Location,Indoors
922,0007ad28,Location,Indoors
923,0007ad9a,Location,Indoors
924,0007be2d,Location,Indoors
925,0007bedd,Location,Indoors
926,0007bf32,Location,Indoors
927,0007c1de,Location,Indoors
928,0007c68c,Location,Outdoors
929,0007ceac,Location,Indoors
930,0007ced4,Location,Outdoors
931,0007cfc8,Location,Indoors
932,0007d0df,Location,Indoors
933,0007d1a8,Location,Outdoors
934,0007d331,Location,Indoors
935,0007ebcb,Location,Outdoors
936,0007ebd0,Location,Outdoors
937,0007f5a9,Location,Outdoors
938,0007f958,Location,Indoors
939,0007fa50,Location,Indoors
940,0007fab7,Location,Outdoors
941,0007fb2b,Location,Outdoors
942,0007fbca,Location,Outdoors
943,0007fd62,Location,Outdoors
944,0007fde2,Location,Outdoors
945,0007fe57,Location,Indoors
946,0007ff4c,Location,Indoors
947,0008101b,Location,Outdoors
948,000811d5,Location,Indoors
949,000812ea,Location,Indoors
950,00081a1b,Location,Indoors
951,00081a4f,Location,Indoors
952,00081aa7,Location,Indoors
953,00000ba6,Time_of_day,Night
954,00000d8f,Time_of_day,Day
955,00000e25,Time_of_day,Day
956,0000109d,Time_of_day,Night
957,00001139,Time_of_day,Night
958,000011cd,Time_of_day,Night
959,000014f7,Time_of_day,Night
960,00003106,Time_of_day,Day
961,000033bc,Time_of_day,Day
962,00003591,Time_of_day,Night
963,000035c0,Time_of_day,Day
964,00003a38,Time_of_day,Day
965,00003fad,Time_of_day,Day
966,0000417c,Time_of_day,Night
967,000046de,Time_of_day,Day
968,000047da,Time_of_day,Night
969,000049cd,Time_of_day,Night
970,00004b21,Time_of_day,Night
971,00005026,Time_of_day,Day
972,00005070,Time_of_day,Day
973,000052c8,Time_of_day,Day
974,0000535d,Time_of_day,Day
975,0000570c,Time_of_day,Day
976,00005758,Time_of_day,Day
977,00005bd1,Time_of_day,Day
978,00005e25,Time_of_day,Night
979,00008b14,Time_of_day,Day
980,00008c89,Time_of_day,Night
981,000093a5,Time_of_day,Night
982,00009cee,Time_of_day,Night
983,00009d6b,Time_of_day,Night
984,00009eab,Time_of_day,Night
985,00009f12,Time_of_day,Night
986,0000b5d0,Time_of_day,Day
987,0000b7fa,Time_of_day,Day
988,0000b956,Time_of_day,Day
989,0000bbe4,Time_of_day,Day
990,0000c1ce,Time_of_day,Day
991,0000c6f3,Time_of_day,Day
992,0000c931,Time_of_day,Day
993,0000cc68,Time_of_day,Day
994,0000cd93,Time_of_day,Day
995,0000cdeb,Time_of_day,Day
996,0000d6cc,Time_of_day,Night
997,0000d719,Time_of_day,Night
998,0000d858,Time_of_day,Night
999,0000d8a7,Time_of_day,Day
1000,0000d91e,Time_of_day,Night
1001,0000d98f,Time_of_day,Night
1002,0000dcbe,Time_of_day,Day
1003,0000dcdb,Time_of_day,Day
1004,0000dd40,Time_of_day,Night
1005,0000dd53,Time_of_day,Night
1006,0000e07b,Time_of_day,Day
1007,0000e22a,Time_of_day,Day
1008,0000e274,Time_of_day,Night
1009,0000e4a1,Time_of_day,Night
1010,0000e4cb,Time_of_day,Night
1011,0000e60b,Time_of_day,Day
1012,0000e8aa,Time_of_day,Day
1013,0000e99d,Time_of_day,Day
1014,0000ec3a,Time_of_day,Day
1015,0000ec46,Time_of_day,Day
1016,0000ef39,Time_of_day,Day
1017,0000ef96,Time_of_day,Day
1018,0000f4b8,Time_of_day,Night
1019,0000f543,Time_of_day,Night
1020,0000f587,Time_of_day,Night
1021,0000f5b8,Time_of_day,Day
1022,0000f62f,Time_of_day,Day
1023,0000f81b,Time_of_day,Night
1024,0000f84e,Time_of_day,Night
1025,0000fc4b,Time_of_day,Night
1026,0001004c,Time_of_day,Night
1027,00012a9d,Time_of_day,Night
1028,00013460,Time_of_day,Night
1029,000134b3,Time_of_day,Night
1030,000134bd,Time_of_day,Night
1031,000135c9,Time_of_day,Night
1032,00013679,Time_of_day,Night
1033,00013bd5,Time_of_day,Night
1034,0001477e,Time_of_day,Night
1035,0001491b,Time_of_day,Night
1036,00014a39,Time_of_day,Night
1037,00014dd0,Time_of_day,Night
1038,00014e30,Time_of_day,Night
1039,000154bd,Time_of_day,Day
1040,000155a6,Time_of_day,Day
1041,00015604,Time_of_day,Day
1042,0001561c,Time_of_day,Day
1043,00015635,Time_of_day,Day
1044,00015695,Time_of_day,Night
1045,0001584a,Time_of_day,Night
1046,0001596a,Time_of_day,Night
1047,00015b37,Time_of_day,Day
1048,00015cd7,Time_of_day,Night
1049,0001767a,Time_of_day,Day
1050,00017698,Time_of_day,Night
1051,0001799d,Time_of_day,Day
1052,00017a46,Time_of_day,Night
1053,00017a69,Time_of_day,Night
1054,00017aeb,Time_of_day,Night
1055,00017e7d,Time_of_day,Night
1056,00017ede,Time_of_day,Night
1057,00017f66,Time_of_day,Night
1058,00017f71,Time_of_day,Night
1059,00017f77,Time_of_day,Night
1060,00017f91,Time_of_day,Night
1061,00017f9b,Time_of_day,Night
1062,00018043,Time_of_day,Day
1063,000180fe,Time_of_day,Day
1064,000181d7,Time_of_day,Night
1065,00018240,Time_of_day,Day
1066,00018b81,Time_of_day,Day
1067,00018de8,Time_of_day,Day
1068,00018fa2,Time_of_day,Day
1069,00019694,Time_of_day,Day
1070,00019794,Time_of_day,Day
1071,000197dd,Time_of_day,Day
1072,0001984c,Time_of_day,Day
1073,00019950,Time_of_day,Day
1074,0001996b,Time_of_day,Day
1075,00019976,Time_of_day,Day
1076,00019ae6,Time_of_day,Day
1077,00019ef6,Time_of_day,Night
1078,0001a2a9,Time_of_day,Night
1079,0001a34a,Time_of_day,Day
1080,0001a55c,Time_of_day,Day
1081,0001ad64,Time_of_day,Night
1082,0001b1d5,Time_of_day,Day
1083,0001b4d6,Time_of_day,Day
1084,0001b62f,Time_of_day,Night
1085,0001b6a0,Time_of_day,Night
1086,0001e755,Time_of_day,Day
1087,0001e7b3,Time_of_day,Day
1088,0001eb4d,Time_of_day,Day
1089,0001ed7d,Time_of_day,Day
1090,0001f6c4,Time_of_day,Night
1091,0001fa53,Time_of_day,Day
1092,0001fb28,Time_of_day,Night
1093,0001fbac,Time_of_day,Day
1094,0001fefa,Time_of_day,Day
1095,0002024a,Time_of_day,Day
1096,00020276,Time_of_day,Day
1097,000202d9,Time_of_day,Night
1098,000205f0,Time_of_day,Day
1099,0002063c,Time_of_day,Day
1100,000207da,Time_of_day,Day
1101,000209ad,Time_of_day,Day
1102,00020a14,Time_of_day,Day
1103,00020ac8,Time_of_day,Day
1104,00020ac9,Time_of_day,Day
1105,00020bc6,Time_of_day,Night
1106,00020ece,Time_of_day,Night
1107,00020f6d,Time_of_day,Day
1108,00020ff2,Time_of_day,Night
1109,0002104a,Time_of_day,Night
1110,00021471,Time_of_day,Day
1111,00021518,Time_of_day,Day
1112,00021543,Time_of_day,Day
1113,0002154f,Time_of_day,Day
1114,000215b7,Time_of_day,Day
1115,000216bc,Time_of_day,Night
1116,00021738,Time_of_day,Day
1117,00021791,Time_of_day,Night
1118,000217a0,Time_of_day,Night
1119,00021818,Time_of_day,Night
1120,00021909,Time_of_day,Day
1121,0002197b,Time_of_day,Day
1122,00021b86,Time_of_day,Day
1123,00022869,Time_of_day,Day
1124,00022870,Time_of_day,Night
1125,0002292d,Time_of_day,Night
1126,0002292e,Time_of_day,Night
1127,00022bb4,Time_of_day,Night
1128,00022bbb,Time_of_day,Night
1129,00022bd5,Time_of_day,Night
1130,00022c14,Time_of_day,Night
1131,00022cd0,Time_of_day,Night
1132,00022e30,Time_of_day,Night
1133,00022e3d,Time_of_day,Night
1134,00022e43,Time_of_day,Night
1135,00022e4e,Time_of_day,Night
1136,00022e53,Time_of_day,Night
1137,00022e8f,Time_of_day,Night
1138,00022e9e,Time_of_day,Night
1139,00022f13,Time_of_day,Night
1140,000230c2,Time_of_day,Night
1141,0002349c,Time_of_day,Night
1142,00023713,Time_of_day,Night
1143,000237fe,Time_of_day,Day
1144,000239a4,Time_of_day,Night
1145,000239ae,Time_of_day,Night
1146,000239b2,Time_of_day,Night
1147,00023a12,Time_of_day,Night
1148,00023ab3,Time_of_day,Night
1149,00023adf,Time_of_day,Night
1150,00023ae7,Time_of_day,Night
1151,00023c19,Time_of_day,Day
1152,00023cd0,Time_of_day,Night
1153,00023d89,Time_of_day,Night
1154,00025a2d,Time_of_day,Day
1155,00025e77,Time_of_day,Night
1156,00026793,Time_of_day,Day
1157,00026a6c,Time_of_day,Night
1158,00026a76,Time_of_day,Night
1159,00026a93,Time_of_day,Day
1160,00026e66,Time_of_day,Day
1161,00026f02,Time_of_day,Day
1162,00027248,Time_of_day,Night
1163,00027463,Time_of_day,Day
1164,000274d0,Time_of_day,Night
1165,0002773e,Time_of_day,Night
1166,0002774a,Time_of_day,Night
1167,0002776c,Time_of_day,Day
1168,00027b99,Time_of_day,Night
1169,00027c1b,Time_of_day,Night
1170,000295b9,Time_of_day,Night
1171,000295ea,Time_of_day,Night
1172,000295f0,Time_of_day,Night
1173,00029830,Time_of_day,Day
1174,00029a65,Time_of_day,Night
1175,00029c61,Time_of_day,Day
1176,0002a17c,Time_of_day,Day
1177,0002a3d5,Time_of_day,Day
1178,0002a528,Time_of_day,Day
1179,0002a884,Time_of_day,Day
1180,0002a8da,Time_of_day,Day
1181,0002ac24,Time_of_day,Day
1182,0002ad10,Time_of_day,Night
1183,0002afb9,Time_of_day,Night
1184,0002b002,Time_of_day,Day
1185,0002b031,Time_of_day,Day
1186,0002b11f,Time_of_day,Night
1187,0002b432,Time_of_day,Night
1188,0002b836,Time_of_day,Night
1189,0002ba27,Time_of_day,Night
1190,0002bc74,Time_of_day,Night
1191,0002bee4,Time_of_day,Night
1192,0002c19c,Time_of_day,Night
1193,0002d48c,Time_of_day,Night
1194,0002e7f8,Time_of_day,Day
1195,0002f29b,Time_of_day,Day
1196,0002f496,Time_of_day,Day
1197,0002f5dd,Time_of_day,Day
1198,0002f737,Time_of_day,Day
1199,0002f7b5,Time_of_day,Day
1200,0003ab9f,Time_of_day,Day
1201,0003ae9e,Time_of_day,Day
1202,0003c0a4,Time_of_day,Day
1203,0003c432,Time_of_day,Night
1204,0003c442,Time_of_day,Night
1205,0003c61a,Time_of_day,Day
1206,0003c8d0,Time_of_day,Day
1207,0003cbcf,Time_of_day,Night
1208,0003ccaf,Time_of_day,Night
1209,0003d1d9,Time_of_day,Night
1210,0003d1e0,Time_of_day,Night
1211,0003d1f6,Time_of_day,Night
1212,0003d255,Time_of_day,Night
1213,0003d27d,Time_of_day,Day
1214,0003d4ac,Time_of_day,Night
1215,0003d5ad,Time_of_day,Night
1216,0003d61d,Time_of_day,Night
1217,0003d801,Time_of_day,Night
1218,0003dcb2,Time_of_day,Night
1219,0003ded4,Time_of_day,Night
1220,0003dee1,Time_of_day,Night
1221,00040173,Time_of_day,Night
1222,00040326,Time_of_day,Day
1223,0004046a,Time_of_day,Day
1224,000404e6,Time_of_day,Day
1225,00040ac9,Time_of_day,Night
1226,00040b0c,Time_of_day,Day
1227,00040b12,Time_of_day,Night
1228,00040b55,Time_of_day,Night
1229,00040f36,Time_of_day,Day
1230,00045741,Time_of_day,Night
1231,00045819,Time_of_day,Night
1232,00045897,Time_of_day,Night
1233,000458eb,Time_of_day,Night
1234,000458f1,Time_of_day,Night
1235,00045f11,Time_of_day,Night
1236,00045f89,Time_of_day,Night
1237,000460ba,Time_of_day,Night
1238,0004814b,Time_of_day,Day
1239,000482c2,Time_of_day,Day
1240,00048a9c,Time_of_day,Night
1241,00048b04,Time_of_day,Day
1242,00048c39,Time_of_day,Night
1243,00048c4f,Time_of_day,Night
1244,00048ca6,Time_of_day,Night
1245,00048e1e,Time_of_day,Night
1246,0004a13b,Time_of_day,Day
1247,0004a15e,Time_of_day,Day
1248,0004a197,Time_of_day,Night
1249,0004a242,Time_of_day,Night
1250,0004a694,Time_of_day,Night
1251,0004a9de,Time_of_day,Night
1252,0004acc0,Time_of_day,Day
1253,0004ad0b,Time_of_day,Night
1254,0004ada8,Time_of_day,Day
1255,0004b514,Time_of_day,Day
1256,0004bcbf,Time_of_day,Night
1257,0004c28b,Time_of_day,Night
1258,0004c301,Time_of_day,Day
1259,0004c311,Time_of_day,Day
1260,0004c38a,Time_of_day,Day
1261,0004c4e5,Time_of_day,Night
1262,0004c827,Time_of_day,Day
1263,0004ca38,Time_of_day,Day
1264,0004cb55,Time_of_day,Day
1265,0004cd3d,Time_of_day,Day
1266,0004cf2b,Time_of_day,Day
1267,0004d291,Time_of_day,Night
1268,0004d3b6,Time_of_day,Day
1269,0004d3e6,Time_of_day,Day
1270,0004d409,Time_of_day,Day
1271,0004d744,Time_of_day,Day
1272,0004dca2,Time_of_day,Day
1273,0004e4d3,Time_of_day,Day
1274,0004ea51,Time_of_day,Night
1275,00050176,Time_of_day,Night
1276,000530f8,Time_of_day,Night
1277,000533e1,Time_of_day,Night
1278,000542af,Time_of_day,Day
1279,00054369,Time_of_day,Night
1280,00054566,Time_of_day,Day
1281,000548c1,Time_of_day,Night
1282,000549d7,Time_of_day,Night
1283,00054bf1,Time_of_day,Night
1284,00054cc5,Time_of_day,Night
1285,00054d44,Time_of_day,Day
1286,00054e17,Time_of_day,Night
1287,0005503f,Time_of_day,Night
1288,00055078,Time_of_day,Night
1289,000554ab,Time_of_day,Night
1290,0005575f,Time_of_day,Night
1291,000557b2,Time_of_day,Night
1292,000557c0,Time_of_day,Night
1293,00055819,Time_of_day,Night
1294,00055a2e,Time_of_day,Day
1295,00056b15,Time_of_day,Night
1296,00056ca5,Time_of_day,Day
1297,00056d52,Time_of_day,Night
1298,00056e6c,Time_of_day,Night
1299,000570b3,Time_of_day,Night
1300,000571b8,Time_of_day,Night
1301,00057cee,Time_of_day,Day
1302,00057e9a,Time_of_day,Day
1303,00057eab,Time_of_day,Day
1304,00057ed2,Time_of_day,Night
1305,00057f9d,Time_of_day,Day
1306,00057fa3,Time_of_day,Day
1307,00057fba,Time_of_day,Day
1308,00057fbd,Time_of_day,Day
1309,0005802c,Time_of_day,Day
1310,00058097,Time_of_day,Day
1311,000580af,Time_of_day,Day
1312,00058149,Time_of_day,Day
1313,0005815b,Time_of_day,Day
1314,000581b1,Time_of_day,Day
1315,000581d8,Time_of_day,Day
1316,0005831a,Time_of_day,Day
1317,000583f3,Time_of_day,Night
1318,000585f0,Time_of_day,Night
1319,00058704,Time_of_day,Night
1320,00058a1d,Time_of_day,Night
1321,00058a6f,Time_of_day,Night
1322,00058aa6,Time_of_day,Night
1323,00058b3d,Time_of_day,Night
1324,00058d06,Time_of_day,Night
1325,0005a480,Time_of_day,Night
1326,0005a5f0,Time_of_day,Night
1327,0005a697,Time_of_day,Day
1328,0005abbe,Time_of_day,Night
1329,0005ae44,Time_of_day,Night
1330,0005af61,Time_of_day,Day
1331,0005b125,Time_of_day,Day
1332,0005b406,Time_of_day,Night
1333,0005b407,Time_of_day,Night
1334,0005b44c,Time_of_day,Night
1335,0005b89d,Time_of_day,Night
1336,0005bacd,Time_of_day,Night
1337,0005bbc2,Time_of_day,Day
1338,0005bd26,Time_of_day,Night
1339,0005bd2e,Time_of_day,Night
1340,0005dda6,Time_of_day,Night
1341,0005ddd2,Time_of_day,Night
1342,0005ddfb,Time_of_day,Night
1343,0005de8b,Time_of_day,Night
1344,0005de90,Time_of_day,Night
1345,0005dff4,Time_of_day,Day
1346,0005e5d7,Time_of_day,Night
1347,0005e5dd,Time_of_day,Night
1348,0005e6af,Time_of_day,Night
1349,0005e6fc,Time_of_day,Day
1350,0005e7cf,Time_of_day,Night
1351,0005e8d1,Time_of_day,Night
1352,0005e920,Time_of_day,Night
1353,0005eb2e,Time_of_day,Night
1354,0005eb8a,Time_of_day,Night
1355,0005ec52,Time_of_day,Day
1356,0006589c,Time_of_day,Day
1357,0006599f,Time_of_day,Day
1358,000667c2,Time_of_day,Night
1359,00066c9d,Time_of_day,Night
1360,000673ca,Time_of_day,Night
1361,0006853b,Time_of_day,Night
1362,000686c1,Time_of_day,Night
1363,000686c4,Time_of_day,Night
1364,00068712,Time_of_day,Night
1365,000688b7,Time_of_day,Day
1366,000689ed,Time_of_day,Night
1367,00068d14,Time_of_day,Night
1368,00068f9c,Time_of_day,Night
1369,00069064,Time_of_day,Night
1370,00069075,Time_of_day,Night
1371,000690a6,Time_of_day,Night
1372,0006936a,Time_of_day,Night
1373,0006951a,Time_of_day,Night
1374,00069544,Time_of_day,Night
1375,000695a9,Time_of_day,Night
1376,00069659,Time_of_day,Night
1377,00069801,Time_of_day,Night
1378,00069b42,Time_of_day,Night
1379,00069ec4,Time_of_day,Day
1380,00069f2c,Time_of_day,Night
1381,00069f47,Time_of_day,Night
1382,00069f51,Time_of_day,Night
1383,00069f54,Time_of_day,Night
1384,00069ffa,Time_of_day,Night
1385,0006a010,Time_of_day,Day
1386,0006a012,Time_of_day,Night
1387,0006a052,Time_of_day,Day
1388,0006a0e8,Time_of_day,Day
1389,0006a54e,Time_of_day,Night
1390,0006a6fa,Time_of_day,Night
1391,0006a928,Time_of_day,Night
1392,0006d2f4,Time_of_day,Night
1393,0006d317,Time_of_day,Night
1394,0006d694,Time_of_day,Day
1395,0006efe2,Time_of_day,Day
1396,0006f03e,Time_of_day,Day
1397,0006f389,Time_of_day,Day
1398,0006febd,Time_of_day,Day
1399,0006ff00,Time_of_day,Day
1400,00070330,Time_of_day,Night
1401,000707a7,Time_of_day,Day
1402,00071253,Time_of_day,Day
1403,000733b0,Time_of_day,Night
1404,000734b4,Time_of_day,Night
1405,0007355d,Time_of_day,Night
1406,0007370f,Time_of_day,Day
1407,00074902,Time_of_day,Night
1408,00074911,Time_of_day,Night
1409,00074932,Time_of_day,Day
1410,00074c68,Time_of_day,Night
1411,00074e02,Time_of_day,Night
1412,00074e05,Time_of_day,Night
1413,0007513f,Time_of_day,Night
1414,00076b61,Time_of_day,Day
1415,00076caf,Time_of_day,Day
1416,00076ccd,Time_of_day,Day
1417,00076de9,Time_of_day,Day
1418,00076ee5,Time_of_day,Day
1419,00076f68,Time_of_day,Day
1420,00076fb9,Time_of_day,Day
1421,00077094,Time_of_day,Day
1422,0007720a,Time_of_day,Day
1423,00077258,Time_of_day,Day
1424,0007738a,Time_of_day,Day
1425,0007741a,Time_of_day,Day
1426,0007748a,Time_of_day,Day
1427,00077625,Time_of_day,Day
1428,00077818,Time_of_day,Day
1429,0007794b,Time_of_day,Day
1430,00077a27,Time_of_day,Day
1431,00077df0,Time_of_day,Day
1432,000783b7,Time_of_day,Day
1433,00078465,Time_of_day,Day
1434,0007856f,Time_of_day,Day
1435,00078849,Time_of_day,Night
1436,0007891a,Time_of_day,Day
1437,00078a34,Time_of_day,Night
1438,00078a43,Time_of_day,Night
1439,00078b96,Time_of_day,Night
1440,00078c3e,Time_of_day,Night
1441,00078d61,Time_of_day,Day
1442,00079032,Time_of_day,Night
1443,00079139,Time_of_day,Day
1444,000793fb,Time_of_day,Night
1445,000798f2,Time_of_day,Night
1446,00079ad1,Time_of_day,Night
1447,00079cb2,Time_of_day,Night
1448,0007a092,Time_of_day,Night
1449,0007a278,Time_of_day,Night
1450,0007a681,Time_of_day,Night
1451,0007aaef,Time_of_day,Day
1452,0007aca9,Time_of_day,Night
1453,0007cf87,Time_of_day,Day
1454,0007edb5,Time_of_day,Night
1455,0007f84d,Time_of_day,Night
1456,0007fbb5,Time_of_day,Day
1457,0007fbc3,Time_of_day,Day
1458,0007fbd3,Time_of_day,Day
1459,000801ad,Time_of_day,Night
1460,00080525,Time_of_day,Day
1461,0008057d,Time_of_day,Day
1462,0008058a,Time_of_day,Day
1463,00080675,Time_of_day,Day
1464,000806d5,Time_of_day,Night
1465,00000ba0,Weather,Rainy
1466,00000bd5,Weather,Rainy
1467,00000e25,Weather,Sunny
1468,00003106,Weather,Sunny
1469,00003a38,Weather,Sunny
1470,000044a8,Weather,Sunny
1471,000046de,Weather,Sunny
1472,00005bd1,Weather,Sunny
1473,00008ece,Weather,Sunny
1474,0000b33c,Weather,Sunny
1475,0000b387,Weather,Sunny
1476,0000b393,Weather,Sunny
1477,0000b3b6,Weather,Sunny
1478,0000c1c7,Weather,Snowy
1479,0000c1ce,Weather,Snowy
1480,0000cc68,Weather,Sunny
1481,0000d35f,Weather,Sunny
1482,0000d5d6,Weather,Rainy
1483,0000d616,Weather,Snowy
1484,0000d63e,Weather,Snowy
1485,0000d858,Weather,Snowy
1486,0000d91e,Weather,Snowy
1487,0000d937,Weather,Snowy
1488,0000d946,Weather,Snowy
1489,0000db8e,Weather,Snowy
1490,0000dba2,Weather,Snowy
1491,0000dc90,Weather,Snowy
1492,0000de3b,Weather,Rainy
1493,0000de5b,Weather,Rainy
1494,0000de8d,Weather,Rainy
1495,0000de97,Weather,Rainy
1496,0000de9b,Weather,Rainy
1497,0000e1b3,Weather,Rainy
1498,0000e22a,Weather,Sunny
1499,0000e448,Weather,Rainy
1500,0000e44b,Weather,Rainy
1501,0000e451,Weather,Rainy
1502,0000e468,Weather,Rainy
1503,0000e47b,Weather,Rainy
1504,0000e49d,Weather,Rainy
1505,0000e4a0,Weather,Rainy
1506,0000e4cb,Weather,Rainy
1507,0000e507,Weather,Rainy
1508,0000e52c,Weather,Rainy
1509,0000e537,Weather,Rainy
1510,0000e538,Weather,Rainy
1511,0000e545,Weather,Rainy
1512,0000e600,Weather,Rainy
1513,0000e60b,Weather,Sunny
1514,0000e8aa,Weather,Sunny
1515,0000ec3a,Weather,Sunny
1516,0000ec46,Weather,Sunny
1517,0000ef46,Weather,Sunny
1518,0000fb8e,Weather,Sunny
1519,00012d76,Weather,Sunny
1520,00012dab,Weather,Sunny
1521,00012dc6,Weather,Sunny
1522,0001307d,Weather,Sunny
1523,00013135,Weather,Sunny
1524,0001316b,Weather,Sunny
1525,00013304,Weather,Sunny
1526,000134b3,Weather,Sunny
1527,0001368d,Weather,Sunny
1528,000136c9,Weather,Sunny
1529,000154bd,Weather,Sunny
1530,000155d7,Weather,Sunny
1531,00015604,Weather,Sunny
1532,0001561c,Weather,Sunny
1533,00015635,Weather,Sunny
1534,00017909,Weather,Rainy
1535,0001799d,Weather,Sunny
1536,0001a34a,Weather,Sunny
1537,0001b527,Weather,Sunny
1538,0001b994,Weather,Rainy
1539,0001b99f,Weather,Rainy
1540,0001b9a9,Weather,Rainy
1541,0001b9bc,Weather,Rainy
1542,0001b9d4,Weather,Rainy
1543,0001f6c4,Weather,Snowy
1544,0001fca8,Weather,Sunny
1545,0001fd78,Weather,Sunny
1546,00020bbc,Weather,Sunny
1547,000228b9,Weather,Sunny
1548,000239a4,Weather,Rainy
1549,000239ae,Weather,Rainy
1550,000239b2,Weather,Rainy
1551,00023a12,Weather,Rainy
1552,00023a53,Weather,Sunny
1553,00025a2d,Weather,Sunny
1554,00026e66,Weather,Sunny
1555,00027463,Weather,Sunny
1556,0002a088,Weather,Rainy
1557,0002a0a8,Weather,Rainy
1558,0002a0b0,Weather,Rainy
1559,0002a0ec,Weather,Rainy
1560,0002a8da,Weather,Sunny
1561,0002ac24,Weather,Sunny
1562,0002b042,Weather,Snowy
1563,0002b138,Weather,Snowy
1564,0002b202,Weather,Sunny
1565,0002bd6b,Weather,Rainy
1566,0002bd76,Weather,Rainy
1567,0002bd7f,Weather,Rainy
1568,0002c434,Weather,Snowy
1569,0003c3c2,Weather,Rainy
1570,0003d03d,Weather,Rainy
1571,0003d05f,Weather,Rainy
1572,0003d07f,Weather,Rainy
1573,000478f5,Weather,Rainy
1574,00047e96,Weather,Rainy
1575,0004a13b,Weather,Sunny
1576,0004b4f5,Weather,Sunny
1577,0004b6d0,Weather,Rainy
1578,0004c38a,Weather,Sunny
1579,0004d9f0,Weather,Sunny
1580,0004dca2,Weather,Sunny
1581,0004e4d3,Weather,Sunny
1582,0004f161,Weather,Rainy
1583,0004fa92,Weather,Sunny
1584,00052b67,Weather,Sunny
1585,000531e0,Weather,Rainy
1586,000531e7,Weather,Rainy
1587,000540fd,Weather,Rainy
1588,0005410f,Weather,Rainy
1589,000542af,Weather,Sunny
1590,00054566,Weather,Sunny
1591,00055310,Weather,Rainy
1592,00055324,Weather,Rainy
1593,00055374,Weather,Rainy
1594,0005539d,Weather,Rainy
1595,0005822d,Weather,Sunny
1596,000583bb,Weather,Sunny
1597,00058901,Weather,Rainy
1598,00058919,Weather,Rainy
1599,0005891f,Weather,Rainy
1600,00058952,Weather,Rainy
1601,00058967,Weather,Rainy
1602,0005897d,Weather,Rainy
1603,0005a43a,Weather,Sunny
1604,0005a5fd,Weather,Rainy
1605,0005b9ed,Weather,Sunny
1606,000656fd,Weather,Sunny
1607,00066859,Weather,Sunny
1608,00066c65,Weather,Sunny
1609,00066dae,Weather,Rainy
1610,00066dcf,Weather,Rainy
1611,00066dd6,Weather,Rainy
1612,00066fdc,Weather,Rainy
1613,00067008,Weather,Rainy
1614,000670ca,Weather,Rainy
1615,000670dc,Weather,Rainy
1616,000671e6,Weather,Rainy
1617,00067bd5,Weather,Rainy
1618,00068807,Weather,Rainy
1619,0006883f,Weather,Rainy
1620,0006884c,Weather,Rainy
1621,0006884e,Weather,Rainy
1622,0006884f,Weather,Rainy
1623,00068854,Weather,Rainy
1624,00068866,Weather,Rainy
1625,00068867,Weather,Rainy
1626,00068883,Weather,Rainy
1627,000688b7,Weather,Sunny
1628,00068b45,Weather,Rainy
1629,00068b91,Weather,Rainy
1630,00069bf6,Weather,Rainy
1631,000707a7,Weather,Sunny
1632,000710f8,Weather,Sunny
1633,00074397,Weather,Rainy
1634,000751ce,Weather,Sunny
1635,000768af,Weather,Rainy
1636,000768ec,Weather,Rainy
1637,00076b61,Weather,Sunny
1638,00076caf,Weather,Sunny
1639,00076ccd,Weather,Sunny
1640,00076de9,Weather,Sunny
1641,00076fb9,Weather,Sunny
1642,00077094,Weather,Sunny
1643,0007720a,Weather,Sunny
1644,0007738a,Weather,Sunny
1645,0007748a,Weather,Sunny
1646,00077625,Weather,Sunny
1647,0007794b,Weather,Sunny
1648,0007a848,Weather,Rainy
1649,0007af0f,Weather,Sunny
1650,0007af3b,Weather,Sunny
1651,0007b199,Weather,Sunny
1652,0007e7c0,Weather,Snowy
1653,0007e7c1,Weather,Snowy
1654,0007ebcb,Weather,Snowy
1655,0007ebd0,Weather,Snowy
1656,0007eed0,Weather,Sunny
1657,0007fe6e,Weather,Rainy
1658,0007fecf,Weather,Rainy
1659,000801cf,Weather,Snowy
1660,000807e9,Weather,Sunny
1661,00080b19,Weather,Sunny
